algoritmo,n,tiempo_ms,ops,medido
A,1,1.0E-4,14,true
A,10,1.0E-4,314,true
A,100,0.0054,40904,true
A,1000,0.6763,5512004,true
A,10000,91.7071,750160004,true
A,100000,10840.4825,90001900004,true
A,1000000,,10500022000004,false
B,1,1.0E-4,1,true
B,10,0.0028,42,true
B,100,0.0615,402,true
B,1000,0.2422,4002,true
B,10000,1.6826,40002,true
B,100000,15.5025,400002,true
B,1000000,108.2889,4000002,true
C,1,1.0E-4,1,true
C,10,0.0013,25,true
C,100,0.1088,1717,true
C,1000,8.567,167167,true
C,10000,890.8118,16671667,true
C,100000,88977.1439,1666716667,true
C,1000000,,166667166667,false
